"","X","filename","category","pre_tran","post_tran","rotate","translate","scale","site","session_id","rating"
"1",0,"Tsinghua_photodraw_production1573781111110_square.png","square",-0.10622227937,-0.730519413948,0.0140725,0.0596407,0.0647939890166608,"Tsinghua","production1573781111110",3
"2",1,"Tsinghua_photodraw_production1577170507146_square.png","square",-0.286393135786,-0.612714767456,0.00111378,0.0285719,0.0260709195386119,"Tsinghua","production1577170507146",3
"3",2,"Tsinghua_photodraw_production1576136080275_square.png","square",-0.0492177717388,-0.555098593235,0.00111136,0.0212179,0.0717482317353732,"Tsinghua","production1576136080275",2
"4",3,"CDM_photodraw_e21547238752953_square.png","square",-0.097375549376,-0.794636011124,0.00336013,0.025697,0.110145610182168,"CDM","e21547238752953",3
"5",4,"CDM_photodraw_e21547849081297_square.png","square",-0.162084639072,-0.723682999611,0.0492893,0.00926171,0.0691339838559878,"CDM","e21547849081297",3
"6",5,"Tsinghua_photodraw_production1575528834271_square.png","square",0.0332349538803,0.0215835925192,0.053686,0.394929,0.0797983779704366,"Tsinghua","production1575528834271",0
"7",6,"Tsinghua_photodraw_production1573782872726_square.png","square",-0.164976522326,-0.701159596443,0.00730955,0.0465585,0.0657738690012011,"Tsinghua","production1573782872726",3
"8",7,"CDM_photodraw_e21555004796019_square.png","square",-0.262006223202,-0.712834954262,0.0254399,0.00663592,0.0624655696943003,"CDM","e21555004796019",3
"9",8,"CDM_photodraw_e21547668018017_square.png","square",-0.422647416592,-0.799158096313,0.0322208,0.00439879,0.0350714027939236,"CDM","e21547668018017",4
"10",9,"CDM_photodraw_e21547668526141_square.png","square",-0.0757975950837,-0.389437645674,0.0150559,0.0348335,0.0567170619620284,"CDM","e21547668526141",1
"11",10,"Tsinghua_photodraw_production1576655850817_square.png","square",-0.0738324970007,-0.40690100193,0.00203348,0.0229648,0.032832594032474,"Tsinghua","production1576655850817",2
"12",11,"Tsinghua_photodraw_production1576134884446_square.png","square",-0.162798017263,-0.581892609596,0.0323391,0.00989549,0.0778893914450342,"Tsinghua","production1576134884446",2
"13",12,"Tsinghua_photodraw_production1578553081396_square.png","square",-0.355372369289,-0.717349469662,0.0295286,0.0171968,0.0750337551350995,"Tsinghua","production1578553081396",3
"14",13,"Tsinghua_photodraw_production1576481274500_square.png","square",-0.194343969226,-0.690121114254,0.00526867,0.0184949,0.0716839947154206,"Tsinghua","production1576481274500",3
"15",14,"CDM_photodraw_e21547845878342_square.png","square",-0.284099638462,-0.761243164539,0.00318837,0.0127991,0.0502035238042125,"CDM","e21547845878342",3
"16",15,"CDM_photodraw_e21547238095569_square.png","square",-0.340730845928,-0.766767799854,0.000261203,0.0213092,0.0418361745205853,"CDM","e21547238095569",3
"17",16,"CDM_photodraw_e21542050776864_square.png","square",-0.376133829355,-0.611864387989,0.0155963,0.00858866,0.0288135286662557,"CDM","e21542050776864",3
"18",17,"CDM_photodraw_e21554930039176_square.png","square",-0.403881937265,-0.530088663101,0.000291445,0.0158959,0.0168081219293704,"CDM","e21554930039176",2
"19",18,"Tsinghua_photodraw_production1575960999852_square.png","square",-0.151965126395,-0.667872488499,0.0546075,0.0242629,0.09396319163162,"Tsinghua","production1575960999852",3
"20",19,"CDM_photodraw_e21547672389753_square.png","square",-0.0343476310372,-0.656168818474,0.0143851,0.0541046,0.103416379448419,"CDM","e21547672389753",3
"21",20,"CDM_photodraw_e21548445362792_square.png","square",-0.485269904137,-0.638141572475,0.00107015,0.0172305,0.0270524094851058,"CDM","e21548445362792",3
"22",21,"CDM_photodraw_e21547070395780_square.png","square",0.0133715942502,-0.563014030457,0.0358405,0.0406096,0.147608715289571,"CDM","e21547070395780",2
"23",22,"Tsinghua_photodraw_production1575444054603_square.png","square",-0.139981240034,-0.727102637291,0.046159,0.0693661,0.0898953497639595,"Tsinghua","production1575444054603",3
"24",23,"Tsinghua_photodraw_production1575962153007_square.png","square",-0.0368661917746,-0.919580638409,0.00639763,0.00737777,0.0804710388268029,"Tsinghua","production1575962153007",4
"25",24,"CDM_photodraw_e21552764741235_square.png","square",-0.291319400072,-0.7195084095,0.0253552,0.0143066,0.0521182562928019,"CDM","e21552764741235",3
"26",25,"Tsinghua_photodraw_production1577170553503_square.png","square",-0.186228185892,-0.801053345203,0.0134907,0.0100177,0.0695268086579729,"Tsinghua","production1577170553503",4
"27",26,"Tsinghua_photodraw_production1575529104308_square.png","square",-0.15259821713,-0.727296411991,0.00910716,0.00669859,0.0742890917043037,"Tsinghua","production1575529104308",3
"28",27,"CDM_photodraw_e21547673281903_square.png","square",-0.138591662049,-0.446117192507,0.0511752,0.0363806,0.041854467604171,"CDM","e21547673281903",2
"29",28,"Tsinghua_photodraw_production1573785392477_square.png","square",-0.0964973643422,-0.695993244648,0.0980869,0.0845786,0.0582300025821067,"Tsinghua","production1573785392477",3
"30",29,"CDM_photodraw_e21550694845595_square.png","square",-0.167173594236,-0.654460012913,0.00304181,0.00885524,0.0711661263476824,"CDM","e21550694845595",3
"31",30,"CDM_photodraw_e21548098146005_square.png","square",-0.146738678217,-0.593692421913,0.0237726,0.00706139,0.0649046017992848,"CDM","e21548098146005",3
"32",31,"CDM_photodraw_e21544206692186_square.png","square",-0.139835834503,-0.710395216942,0.0097089,0.00583338,0.0798903445082616,"CDM","e21544206692186",3
"33",32,"Tsinghua_photodraw_production1575960933495_square.png","square",-0.0792908146977,-0.875772953033,0.0242247,0.0177986,0.0857277582212697,"Tsinghua","production1575960933495",4
"34",33,"Tsinghua_photodraw_production1576567318332_square.png","square",-0.365183979273,-0.881674408913,0.0192964,0.00764189,0.0400423661330483,"Tsinghua","production1576567318332",4
"35",34,"Tsinghua_photodraw_production1576566477206_square.png","square",-0.105543471873,-0.748172938824,0.0112289,0.0317866,0.0874222061864905,"Tsinghua","production1576566477206",3
"36",35,"Tsinghua_photodraw_production1576739331978_square.png","square",-0.0424765795469,-0.543443858624,0.000735052,0.0149839,0.0584807189036111,"Tsinghua","production1576739331978",2
"37",36,"CDM_photodraw_e21547071853117_square.png","square",-0.106162331998,-0.328182995319,0.0142289,0.0460763,0.0408361758953671,"CDM","e21547071853117",1
"38",37,"Tsinghua_photodraw_production1573783407261_square.png","square",-0.202068984509,-0.781150221825,0.0175041,0.0625339,0.0872515461308991,"Tsinghua","production1573783407261",3
"39",38,"CDM_photodraw_e21555523952200_square.png","square",-0.400116711855,-0.897741496563,0.00670919,0.0130441,0.0395617871820477,"CDM","e21555523952200",4
"40",39,"Tsinghua_photodraw_production1576654381493_square.png","square",-0.107016973197,-0.583961188793,0.0283832,0.0300347,0.0627355690892017,"Tsinghua","production1576654381493",2
"41",40,"CDM_photodraw_e21548104824451_square.png","square",-0.0557318143547,-0.763531625271,0.0049118,0.00954028,0.0831173582627636,"CDM","e21548104824451",3
"42",41,"Tsinghua_photodraw_production1573779630652_square.png","square",-0.194654390216,-0.807625114918,0.0262906,0.0341223,0.0920344799043056,"Tsinghua","production1573779630652",3
"43",42,"CDM_photodraw_e21547674347301_square.png","square",-0.396450132132,-0.746698260307,0.00221356,0.00887168,0.0446931409292616,"CDM","e21547674347301",3
"44",43,"Tsinghua_photodraw_production1573799989669_square.png","square",-0.133346870542,-0.623484194279,0.0616988,0.0695117,0.0620215580127751,"Tsinghua","production1573799989669",2
"45",44,"CDM_photodraw_e21547836732785_square.png","square",-0.385997056961,-0.823194980621,0.00475972,0.00207466,0.0373759477205691,"CDM","e21547836732785",4
"46",45,"Tsinghua_photodraw_production1573779810259_square.png","square",-0.194242879748,-0.773810088634,0.00948155,0.0643677,0.0581301419300186,"Tsinghua","production1573779810259",3
"47",46,"CDM_photodraw_e21548105648196_square.png","square",0.00244031404145,-0.63174200058,0.0021444,0.0134159,0.0659778815435053,"CDM","e21548105648196",3
"48",47,"CDM_photodraw_e21544820627246_square.png","square",-0.1869905442,-0.886654257774,0.00377851,0.0164657,0.0648186269156689,"CDM","e21544820627246",4
"49",48,"Tsinghua_photodraw_production1575962846373_square.png","square",-0.0287718158215,-0.777315974236,0.0231821,0.0147454,0.124066072979825,"Tsinghua","production1575962846373",3
"50",49,"CDM_photodraw_e21548449754672_square.png","square",-0.272039204836,-0.906318187714,0.0024391,0.0082579,0.0458651522428255,"CDM","e21548449754672",4
"51",50,"Tsinghua_photodraw_production1576134856234_square.png","square",-0.0141431791708,-0.7979773283,0.00100341,0.00866491,0.0807696090780024,"Tsinghua","production1576134856234",4
"52",51,"Tsinghua_photodraw_production1576568296821_square.png","square",-0.32560557127,-0.666622519493,0.032274,0.0137778,0.0417166663563749,"Tsinghua","production1576568296821",3
"53",52,"CDM_photodraw_e21549564465088_square.png","square",-0.144709527493,-0.599828779697,0.0437518,0.0752088,0.0392627683450065,"CDM","e21549564465088",2
"54",53,"Tsinghua_photodraw_production1578969342231_square.png","square",-0.158748731017,-0.744959056377,0.0217031,0.019864,0.0628672235942002,"Tsinghua","production1578969342231",3
"55",54,"CDM_photodraw_e21555533816883_square.png","square",-0.433125466108,-0.924648344517,0.0156795,0.0154565,0.0389341310136565,"CDM","e21555533816883",4
"56",55,"Tsinghua_photodraw_production1573781474552_square.png","square",-0.112502805889,-0.671475529671,0.042768,0.0219386,0.0871057040632984,"Tsinghua","production1573781474552",3
"57",56,"Tsinghua_photodraw_production1573781508415_square.png","square",-0.105912297964,-0.80717343092,0.0315217,0.0168678,0.098097685296219,"Tsinghua","production1573781508415",3
"58",57,"CDM_photodraw_e21548873811739_square.png","square",-0.0324282571673,-0.493478417397,0.00642872,0.0113387,0.101848900086554,"CDM","e21548873811739",2
"59",58,"CDM_photodraw_e21548098930405_square.png","square",0.0165382660925,-0.703840851784,0.0314112,0.0198074,0.161030438932412,"CDM","e21548098930405",3
"60",59,"Tsinghua_photodraw_production1576135499181_square.png","square",-0.0861996337771,-0.608174681664,0.00499009,0.00720469,0.0723361257111688,"Tsinghua","production1576135499181",3
"61",60,"Tsinghua_photodraw_production1576566518161_square.png","square",-0.131906837225,-0.878873944283,0.0177998,0.00402446,0.0570256048743964,"Tsinghua","production1576566518161",4
"62",61,"CDM_photodraw_e21554324047717_square.png","square",-0.256046265364,-0.736602425575,0.0201758,0.0050582,0.0551267567042858,"CDM","e21554324047717",3
"63",62,"Tsinghua_photodraw_production1573781585420_square.png","square",-0.135656505823,-0.352833092213,0.0100845,0.0363984,0.0459163521251951,"Tsinghua","production1573781585420",1
"64",63,"Tsinghua_photodraw_production1576135371471_square.png","square",-0.128136575222,-0.644526779652,0.0018405,0.0275752,0.0497708103498307,"Tsinghua","production1576135371471",3
"65",64,"Tsinghua_photodraw_production1575356843675_square.png","square",-0.23997181654,-0.863991856575,0.00575237,0.018784,0.0637556980910093,"Tsinghua","production1575356843675",4
"66",65,"CDM_photodraw_e21544821083289_square.png","square",-0.235459029675,-0.750526070595,0.0345266,0.0240045,0.0498794021801444,"CDM","e21544821083289",3
"67",66,"CDM_photodraw_e21542057631101_square.png","square",-0.144363969564,-0.66142219305,0.0213019,0.0352294,0.0890390469975454,"CDM","e21542057631101",3
"68",67,"Tsinghua_photodraw_production1576739207246_square.png","square",0.0362231172621,-0.0191269107163,0.211935,0.201564,0.562434446134018,"Tsinghua","production1576739207246",0
"69",68,"CDM_photodraw_e21541017927896_square.png","square",-0.222077161074,-0.680087566376,0.0468141,0.0113816,0.0648169541158929,"CDM","e21541017927896",3
"70",69,"CDM_photodraw_e21547849860466_square.png","square",-0.122130744159,-0.778698205948,0.0376409,0.0238902,0.124943646319535,"CDM","e21547849860466",3
"71",70,"Tsinghua_photodraw_production1573800333460_square.png","square",-0.154061853886,-0.595145106316,0.00972882,0.0190462,0.0422669326255653,"Tsinghua","production1573800333460",3
"72",71,"CDM_photodraw_e21547246292717_square.png","square",-0.236516609788,-0.552945375443,0.0434322,0.017537,0.0466154398506635,"CDM","e21547246292717",2
"73",72,"CDM_photodraw_e21547848462737_square.png","square",-0.345522135496,-0.663013577461,0.0143575,0.0279615,0.0395774310032694,"CDM","e21547848462737",3
"74",73,"Tsinghua_photodraw_production1575444606752_square.png","square",-0.12317468971,-0.872539997101,0.00588309,0.00903936,0.0684997984828319,"Tsinghua","production1575444606752",4
"75",74,"CDM_photodraw_e21553292202608_square.png","square",0.0170828998089,-0.284777492285,0.0357241,0.103212,0.184094331857221,"CDM","e21553292202608",0
"76",75,"CDM_photodraw_e21547069129052_square.png","square",-0.325690180063,-0.727700233459,0.0197481,0.0204688,0.0515947747182425,"CDM","e21547069129052",3
"77",76,"CDM_photodraw_e21554499556910_square.png","square",-0.293941020966,-0.647346377373,0.00966502,0.0238717,0.0637426028078838,"CDM","e21554499556910",3
"78",77,"CDM_photodraw_e21544819304302_square.png","square",-0.174272045493,-0.754816412926,0.0199892,0.0276722,0.0501472849517348,"CDM","e21544819304302",3
"79",78,"Tsinghua_photodraw_production1573780549952_square.png","square",-0.157856121659,-0.635431587696,0.0074624,0.0312729,0.0954606565171746,"Tsinghua","production1573780549952",3
"80",79,"Tsinghua_photodraw_production1573780074909_square.png","square",-0.185686975718,-0.831653177738,0.0283212,0.0245187,0.0727891031244351,"Tsinghua","production1573780074909",4
"81",80,"CDM_photodraw_e21547667337924_square.png","square",-0.147006064653,-0.74741846323,0.00315435,0.0276025,0.112525201045092,"CDM","e21547667337924",3
"82",81,"CDM_photodraw_e21547247873170_square.png","square",-0.398039788008,-0.660361945629,0.0554806,0.00854657,0.0315501783606581,"CDM","e21547247873170",3
"83",82,"Tsinghua_photodraw_production1573782278634_square.png","square",-0.147528573871,-0.590837955475,0.000816978,0.0203842,0.0405784055118219,"Tsinghua","production1573782278634",3
"84",83,"Tsinghua_photodraw_production1573784632550_square.png","square",-0.130716919899,-0.510860621929,0.0422521,0.0456134,0.0783790366247576,"Tsinghua","production1573784632550",2
"85",84,"CDM_photodraw_e21542229353364_square.png","square",-0.131160870194,-0.66012096405,0.0123015,0.0121701,0.0666442317467082,"CDM","e21542229353364",3
"86",85,"CDM_photodraw_e21550690726876_square.png","square",-0.29280591011,-0.637740850449,0.0567024,0.0120542,0.0357559482494421,"CDM","e21550690726876",3
"87",86,"Tsinghua_photodraw_production1573786717640_square.png","square",-0.112978376448,-0.475004047155,0.00108068,0.0751631,0.1375117556168,"Tsinghua","production1573786717640",1
"88",87,"CDM_photodraw_e21550696453174_square.png","square",-0.274788767099,-0.668413579464,0.0124797,0.0106117,0.0404877052637065,"CDM","e21550696453174",3
"89",88,"CDM_photodraw_e21541616746618_square.png","square",-0.27715113759,-0.44342854619,0.00975082,0.0229833,0.0497667481797203,"CDM","e21541616746618",2
"90",89,"Tsinghua_photodraw_production1578102076574_square.png","square",-0.301729083061,-0.809795498848,0.0178815,0.0141214,0.0493466301654622,"Tsinghua","production1578102076574",4
"91",90,"CDM_photodraw_e21547232670235_square.png","square",-0.157427608967,-0.566179990768,0.0289603,0.0205146,0.102839850308622,"CDM","e21547232670235",2
"92",91,"CDM_photodraw_e21548097384364_square.png","square",-0.357832342386,-0.536710202694,0.00441527,0.0264113,0.0431897851962763,"CDM","e21548097384364",2
"93",92,"Tsinghua_photodraw_production1573782437440_square.png","square",-0.178863570094,-0.569990992546,0.0273226,0.0578748,0.104887657441335,"Tsinghua","production1573782437440",2
"94",93,"Tsinghua_photodraw_production1575963146898_square.png","square",-0.309421539307,-0.85849493742,0.00402308,0.0113863,0.0607650609922508,"Tsinghua","production1575963146898",4
"95",94,"Tsinghua_photodraw_production1573785586812_square.png","square",-0.2215795964,-0.768295764923,0.0234851,0.0104344,0.0539542601955479,"Tsinghua","production1573785586812",3
"96",95,"Tsinghua_photodraw_production1575530375673_square.png","square",-0.324789941311,-0.823961853981,0.0147301,0.00815516,0.0476565209410509,"Tsinghua","production1575530375673",4
"97",96,"Tsinghua_photodraw_production1575357552769_square.png","square",-0.0216474477202,-0.888989925385,0.011051,0.0114966,0.0848410157074982,"Tsinghua","production1575357552769",4
"98",97,"CDM_photodraw_e21547677339884_square.png","square",-0.225726783276,-0.6178201437,0.0130795,0.0269857,0.0733646386247459,"CDM","e21547677339884",3
"99",98,"CDM_photodraw_e21547242571962_square.png","square",-0.228037029505,-0.290145605803,0.00112938,0.0102529,0.0247972960922558,"CDM","e21547242571962",1
"100",99,"CDM_photodraw_e21553797665751_square.png","square",-0.482132434845,-0.816437184811,0.007444,0.0154036,0.037729824135113,"CDM","e21553797665751",4
"101",100,"CDM_photodraw_e21542053241209_square.png","square",-0.144085943699,-0.701427638531,0.0114061,0.00785984,0.0718728326364118,"CDM","e21542053241209",3
"102",101,"Tsinghua_photodraw_production1576739828389_square.png","square",-0.042065218091,-0.771134376526,0.00757625,0.0107057,0.0850108793046276,"Tsinghua","production1576739828389",3
"103",102,"Tsinghua_photodraw_production1577170578110_square.png","square",-0.164091825485,-0.733265519142,0.0217592,0.0577985,0.0744910750009067,"Tsinghua","production1577170578110",3
"104",103,"Tsinghua_photodraw_production1578969892110_square.png","square",-0.269039183855,-0.495920240879,0.000226239,0.0183972,0.0353200814165218,"Tsinghua","production1578969892110",2
"105",104,"Tsinghua_photodraw_production1573786980255_square.png","square",0.0160149522126,-0.391510605812,0.0120545,0.0260236,0.0818535732516246,"Tsinghua","production1573786980255",1
"106",105,"Tsinghua_photodraw_production1575444597382_square.png","square",-0.146748825908,-0.799017548561,0.00497826,0.0124964,0.0724910806991753,"Tsinghua","production1575444597382",4
"107",106,"CDM_photodraw_e21548451831175_square.png","square",-0.526493489742,-0.732743501663,0.00771101,0.0414287,0.0666752822110774,"CDM","e21548451831175",3
"108",107,"CDM_photodraw_e21548096119835_square.png","square",-0.0648105666041,-0.653042793274,0.0415449,0.0063053,0.119340406391025,"CDM","e21548096119835",3
"109",108,"CDM_photodraw_e21549650853022_square.png","square",-0.374943137169,-0.87109041214,0.012924,0.0139393,0.0432541142193242,"CDM","e21549650853022",4
"110",109,"Tsinghua_photodraw_production1575444960513_square.png","square",-0.210575044155,-0.825045406818,0.0175278,0.0431708,0.104384575072629,"Tsinghua","production1575444960513",3
"111",110,"CDM_photodraw_e21547073155004_square.png","square",-0.281441926956,-0.448801606894,0.0203075,0.0133183,0.071566025613945,"CDM","e21547073155004",2
"112",111,"CDM_photodraw_e21541195324779_square.png","square",-0.0804422199726,-0.684078395367,0.0425981,0.0831616,0.0832113467601301,"CDM","e21541195324779",3
"113",112,"Tsinghua_photodraw_production1573780632846_square.png","square",-0.309456884861,-0.547794878483,0.0130926,0.0205547,0.0549259963648078,"Tsinghua","production1573780632846",2
"114",113,"Tsinghua_photodraw_production1573779097000_square.png","square",-0.0466215237975,-0.330080717802,0.00170788,0.0285135,0.0198853173996083,"Tsinghua","production1573779097000",1
"115",114,"CDM_photodraw_e21547849501667_square.png","square",-0.160794109106,-0.713777780533,0.0171681,0.0192285,0.0746590708041892,"CDM","e21547849501667",3
"116",115,"Tsinghua_photodraw_production1576738635229_square.png","square",0.00835660938174,-0.447952628136,0.000886652,0.0194809,0.0366653043543596,"Tsinghua","production1576738635229",2
"117",116,"Tsinghua_photodraw_production1576568201260_square.png","square",0.0214401818812,-0.408296018839,0.000273926,0.0466116,0.0352923467483191,"Tsinghua","production1576568201260",1
"118",117,"CDM_photodraw_e21545255128573_square.png","square",-0.140208631754,-0.578946769238,0.000705612,0.0158787,0.049600811355829,"CDM","e21545255128573",3
"119",118,"CDM_photodraw_e21542225408593_square.png","square",-0.258897781372,-0.663796842098,0.0123403,0.0353435,0.0179739246571071,"CDM","e21542225408593",3
"120",119,"CDM_photodraw_e21543430495947_square.png","square",-0.242867022753,-0.764985263348,0.0413002,0.0137303,0.0656689999635743,"CDM","e21543430495947",3
"121",120,"Tsinghua_photodraw_production1576135913017_square.png","square",-0.299701929092,-0.804879844189,0.0124634,0.0212369,0.0629919580922121,"Tsinghua","production1576135913017",4
"122",121,"Tsinghua_photodraw_production1577085989112_square.png","square",-0.183676451445,-0.743500173092,0.00397766,0.00780527,0.0647660381786655,"Tsinghua","production1577085989112",3
"123",122,"CDM_photodraw_e21541799408496_square.png","square",-0.12206145376,-0.368651717901,0.141895,0.188114,0.358327276485193,"CDM","e21541799408496",0
"124",123,"Tsinghua_photodraw_production1573783854844_square.png","square",-0.0263811219484,-0.611226737499,0.0270909,0.0315353,0.110239404716628,"Tsinghua","production1573783854844",2
"125",124,"CDM_photodraw_e21553637857619_square.png","square",-0.0710272416472,-0.754730343819,0.0188449,0.0162827,0.102063432683706,"CDM","e21553637857619",3
"126",125,"CDM_photodraw_e21542223602317_square.png","square",-0.120594881475,-0.592110753059,0.00277128,0.0233686,0.0458080885166943,"CDM","e21542223602317",3
"127",126,"Tsinghua_photodraw_production1575443337678_square.png","square",-0.176910981536,-0.650516152382,0.021571,0.0178162,0.0655234888071562,"Tsinghua","production1575443337678",3
"128",127,"Tsinghua_photodraw_production1578969773820_square.png","square",-0.284067213535,-0.838697135448,0.0089152,0.00485788,0.0542526102341332,"Tsinghua","production1578969773820",4
"129",128,"CDM_photodraw_e21550689187843_square.png","square",-0.385507196188,-0.873706638813,0.00897055,0.00688957,0.0409794423617382,"CDM","e21550689187843",4
"130",129,"Tsinghua_photodraw_production1573800441750_square.png","square",-0.190566986799,-0.714152276516,0.0102543,0.0248808,0.05790544785369,"Tsinghua","production1573800441750",3
"131",130,"Tsinghua_photodraw_production1577086735995_square.png","square",-0.40366435051,-0.664631724358,0.00729585,0.0221737,0.0464481616712682,"Tsinghua","production1577086735995",3
"132",131,"CDM_photodraw_e21542061442525_square.png","square",-0.358334302902,-0.705976307392,0.0166666,0.0127343,0.0372901391841039,"CDM","e21542061442525",3
"133",132,"Tsinghua_photodraw_production1575442907120_square.png","square",-0.168862506747,-0.424247443676,0.00176733,0.0227781,0.00482108025827947,"Tsinghua","production1575442907120",2
"134",133,"Tsinghua_photodraw_production1577172518020_square.png","square",-0.0703881531954,-0.630439758301,0.00798668,0.0365434,0.0778861317189148,"Tsinghua","production1577172518020",3
"135",134,"CDM_photodraw_e21556311534736_square.png","square",-0.372398436069,-0.660715460777,0.0123564,0.0110331,0.0486477830743819,"CDM","e21556311534736",3
"136",135,"Tsinghua_photodraw_production1575358345480_square.png","square",-0.00830475240946,-0.454997181892,0.000206969,0.0249131,0.0388236462500368,"Tsinghua","production1575358345480",2
"137",136,"Tsinghua_photodraw_production1575443741291_square.png","square",-0.257351279259,-0.656616330147,0.0313809,0.0238569,0.0676732500230933,"Tsinghua","production1575443741291",3
"138",137,"CDM_photodraw_e21542047659207_square.png","square",-0.112778417766,-0.609653651714,0.0153548,0.0245662,0.120843716624008,"CDM","e21542047659207",2
"139",138,"CDM_photodraw_e21547243566891_square.png","square",-0.254476040602,-0.50488704443,0.0203128,0.0339086,0.0398374382215981,"CDM","e21547243566891",2
"140",139,"Tsinghua_photodraw_production1573783652311_square.png","square",0.00114608102012,-0.321408241987,0.0455877,0.0361504,0.17647541004122,"Tsinghua","production1573783652311",1
"141",140,"Tsinghua_photodraw_production1573784627069_square.png","square",-0.14520893991,-0.389489769936,0.0506211,0.0152555,0.0503907076377891,"Tsinghua","production1573784627069",1
"142",141,"Tsinghua_photodraw_production1578968906336_square.png","square",0.0154594732448,-0.484705358744,0.00431032,0.0942186,0.109947731160481,"Tsinghua","production1578968906336",1
"143",142,"Tsinghua_photodraw_production1573782358833_square.png","square",-0.183558031917,-0.337147384882,0.00356412,0.0304,0.0201671765620843,"Tsinghua","production1573782358833",1
"144",143,"Tsinghua_photodraw_production1573783497407_square.png","square",-0.0609201528132,-0.435080945492,0.0110969,0.0579893,0.0241879280427713,"Tsinghua","production1573783497407",2
"145",144,"CDM_photodraw_e21548958550335_square.png","square",-0.258649259806,-0.59686845541,0.00133506,0.0181255,0.0833030858547911,"CDM","e21548958550335",3
"146",145,"CDM_photodraw_e21548441283760_square.png","square",-0.386870443821,-0.78557574749,0.0336609,0.0151572,0.0419688231083974,"CDM","e21548441283760",4
"147",146,"CDM_photodraw_e21547242197593_square.png","square",-0.361587166786,-0.5492182374,0.0368676,0.0270498,0.0599820755102496,"CDM","e21547242197593",2
"148",147,"CDM_photodraw_e21548451296118_square.png","square",0.0206086039543,-0.420219182968,0.0291029,0.0458172,0.162758679664925,"CDM","e21548451296118",1
"149",148,"Tsinghua_photodraw_production1573785761327_square.png","square",-0.189909785986,-0.545860826969,0.033466,0.0584057,0.117328965312677,"Tsinghua","production1573785761327",2
"150",149,"Tsinghua_photodraw_production1577085371906_square.png","square",-0.191698908806,-0.825896799564,0.0323204,0.0199102,0.0748857879692518,"Tsinghua","production1577085371906",4
"151",150,"Tsinghua_photodraw_production1576738027913_square.png","square",-0.165809422731,-0.675850093365,0.0254432,0.00292955,0.0846038042641364,"Tsinghua","production1576738027913",3
"152",151,"CDM_photodraw_e21550698482522_square.png","square",-0.294350296259,-0.897893249989,0.00783355,0.00973003,0.0588538488675832,"CDM","e21550698482522",4
"153",152,"Tsinghua_photodraw_production1575961493402_square.png","square",-0.227443620563,-0.845228910446,0.0205112,0.0200605,0.0681545552214466,"Tsinghua","production1575961493402",4
"154",153,"CDM_photodraw_e21547844653939_square.png","square",-0.528215944767,-0.852044522762,0.00748714,0.0290176,0.0481446003537106,"CDM","e21547844653939",4
"155",154,"Tsinghua_photodraw_production1575356102513_square.png","square",-0.0928501933813,-0.284579694271,0.00355317,0.0265266,0.0226311583063055,"Tsinghua","production1575356102513",1
"156",155,"Tsinghua_photodraw_production1577084893527_square.png","square",-0.321001440287,-0.602277874947,0.00659059,0.0134218,0.0210352545660166,"Tsinghua","production1577084893527",3
"157",156,"Tsinghua_photodraw_production1577171554498_square.png","square",-0.234264552593,-0.757724821568,0.0515427,0.00768141,0.0534899951412539,"Tsinghua","production1577171554498",3
"158",157,"Tsinghua_photodraw_production1575358618898_square.png","square",-0.203858211637,-0.856752753258,0.0446028,0.0154702,0.0562877542166818,"Tsinghua","production1575358618898",4
"159",158,"CDM_photodraw_e21544647022478_square.png","square",-0.199633657932,-0.558984398842,0.0138407,0.0257472,0.0559366119867682,"CDM","e21544647022478",2
"160",159,"Tsinghua_photodraw_production1578968887739_square.png","square",-0.114816501737,-0.714029490948,0.00785976,0.0274075,0.0971675648409821,"Tsinghua","production1578968887739",3
"161",160,"Tsinghua_photodraw_production1575961442866_square.png","square",-0.262582868338,-0.786087334156,0.0139196,0.00685423,0.0554034876196277,"Tsinghua","production1575961442866",4
"162",161,"Tsinghua_photodraw_production1576136360732_square.png","square",-0.241670250893,-0.686143219471,0.0202552,0.0217584,0.0885505565550945,"Tsinghua","production1576136360732",3
"163",162,"CDM_photodraw_e21556226883192_square.png","square",-0.217678934336,-0.751868665218,0.0178519,0.0248765,0.0892518953847001,"CDM","e21556226883192",3
"164",163,"CDM_photodraw_e21547230596884_square.png","square",-0.20756714046,-0.551257252693,0.00034422,0.0282644,0.0442736853730964,"CDM","e21547230596884",2
"165",164,"CDM_photodraw_e21553889536940_square.png","square",-0.29702141881,-0.798175513744,0.00990555,0.0244494,0.0596107281959108,"CDM","e21553889536940",3
"166",165,"CDM_photodraw_e21543432563054_square.png","square",-0.271775066853,-0.653229773045,0.0570512,0.0404849,0.0210859579502147,"CDM","e21543432563054",3
"167",166,"Tsinghua_photodraw_production1577171766191_square.png","square",-0.127798244357,-0.608528137207,0.00481015,0.0496073,0.0662658678999193,"Tsinghua","production1577171766191",3
"168",167,"Tsinghua_photodraw_production1575529582167_square.png","square",-0.349819809198,-0.613295376301,0.00121915,0.0078464,0.0282594755821301,"Tsinghua","production1575529582167",3
"169",168,"CDM_photodraw_e21540577320461_square.png","square",-0.0548415370286,-0.800238370895,0.0155963,0.00856375,0.0775135971247685,"CDM","e21540577320461",4
"170",169,"CDM_photodraw_e21545255476223_square.png","square",-0.196400091052,-0.698710858822,0.0377827,0.00462754,0.0686664084445647,"CDM","e21545255476223",3
"171",170,"Tsinghua_photodraw_production1573779087653_square.png","square",-0.289723604918,-0.615935504436,0.0737012,0.0178607,0.0574128797989582,"Tsinghua","production1573779087653",3
"172",171,"CDM_photodraw_e21547061122742_square.png","square",-0.522804260254,-0.673615038395,0.0104775,0.0266602,0.0467691664474323,"CDM","e21547061122742",3
"173",172,"CDM_photodraw_e21547062251659_square.png","square",-0.206470668316,-0.4746055305,0.140194,0.0578437,0.0432653912730454,"CDM","e21547062251659",2
"174",173,"CDM_photodraw_e21542049475400_square.png","square",-0.412903219461,-0.652982831001,0.00819296,0.0223932,0.0499365242777068,"CDM","e21542049475400",3
"175",174,"CDM_photodraw_e21541008354503_square.png","square",-0.328319936991,-0.855150341988,0.0109966,0.0211596,0.0597077249190696,"CDM","e21541008354503",4
"176",175,"CDM_photodraw_e21547663022993_square.png","square",-0.0952450111508,-0.439878612757,0.0127254,0.0596282,0.0312082775958458,"CDM","e21547663022993",2
"177",176,"CDM_photodraw_e21548106388954_square.png","square",-0.249855369329,-0.728120326996,0.0423549,0.04585,0.0421968951187441,"CDM","e21548106388954",3
"178",177,"Tsinghua_photodraw_production1573778817054_square.png","square",-0.0134678836912,-0.235757008195,0.365168,0.0701985,0.105874528850553,"Tsinghua","production1573778817054",0
"179",178,"CDM_photodraw_e21555531146821_square.png","square",-0.303860098124,-0.758393585682,0.0186319,0.0232328,0.0459695827396708,"CDM","e21555531146821",3
"180",179,"Tsinghua_photodraw_production1575356878513_square.png","square",-0.371844947338,-0.879975736141,0.00905723,0.0047463,0.0438175371224754,"Tsinghua","production1575356878513",4
"181",180,"CDM_photodraw_e21548107987673_square.png","square",-0.242650926113,-0.786936879158,0.0137448,0.0183155,0.0637739696178546,"CDM","e21548107987673",3
"182",181,"Tsinghua_photodraw_production1576565958996_square.png","square",-0.058297868818,-0.85499727726,0.00839175,0.00520136,0.069415126049606,"Tsinghua","production1576565958996",4
"183",182,"Tsinghua_photodraw_production1575443826068_square.png","square",-0.152515083551,-0.346888810396,0.00120721,0.0238137,0.00108195998914612,"Tsinghua","production1575443826068",1
"184",183,"Tsinghua_photodraw_production1576565151840_square.png","square",0.0258713886142,-0.235221788287,0.00298395,0.0831243,0.0554818898353851,"Tsinghua","production1576565151840",1
"185",184,"Tsinghua_photodraw_production1575530376865_square.png","square",0.00718516856432,-0.720340132713,0.00830883,0.00632414,0.115628418645434,"Tsinghua","production1575530376865",3
"186",185,"CDM_photodraw_e21542218678125_square.png","square",-0.479703068733,-0.713768541813,0.0297178,0.00973953,0.0351790461544474,"CDM","e21542218678125",3
"187",186,"Tsinghua_photodraw_production1573784374186_square.png","square",-0.0403539016843,-0.476664751768,0.00700101,0.0257868,0.126826856855595,"Tsinghua","production1573784374186",2
"188",187,"Tsinghua_photodraw_production1576480154717_square.png","square",-0.211590498686,-0.740160405636,0.0209343,0.00517022,0.0728279301709655,"Tsinghua","production1576480154717",3
"189",188,"Tsinghua_photodraw_production1573786300883_square.png","square",0.0233185980469,-0.0757411196828,0.0510055,0.200082,0.222934064508493,"Tsinghua","production1573786300883",0
"190",189,"CDM_photodraw_e21552765156167_square.png","square",-0.338141381741,-0.721269786358,0.0289421,0.0169888,0.0591093931874172,"CDM","e21552765156167",3
"191",190,"Tsinghua_photodraw_production1573779019443_square.png","square",-0.0600102469325,-0.683381617069,0.00978764,0.0041419,0.0935247039258945,"Tsinghua","production1573779019443",3
"192",191,"Tsinghua_photodraw_production1576741386137_square.png","square",-0.00946172699332,-0.557161152363,0.00250368,0.0177307,0.101248953136908,"Tsinghua","production1576741386137",2
"193",192,"Tsinghua_photodraw_production1575356398090_square.png","square",-0.324503868818,-0.696541547775,0.0238238,0.0100342,0.0546388125504514,"Tsinghua","production1575356398090",3
"194",193,"CDM_photodraw_e21548096758313_square.png","square",-0.196365341544,-0.641716122627,0.0426069,0.0216898,0.0788074194480022,"CDM","e21548096758313",3
"195",194,"Tsinghua_photodraw_production1577171900113_square.png","square",-0.309582799673,-0.616193771362,9.45785e-05,0.0112429,0.068885823606049,"Tsinghua","production1577171900113",3
"196",195,"Tsinghua_photodraw_production1577172179778_square.png","square",-0.437741965055,-0.869219839573,0.0159219,0.0214676,0.0470378785158866,"Tsinghua","production1577172179778",4
"197",196,"Tsinghua_photodraw_production1576478852964_square.png","square",-0.16573227942,-0.821495652199,0.024499,0.019433,0.0760349061686855,"Tsinghua","production1576478852964",4
"198",197,"Tsinghua_photodraw_production1573800407496_square.png","square",0.0208969134837,-0.347145706415,0.0082022,0.0632343,0.0575311514878603,"Tsinghua","production1573800407496",1
"199",198,"Tsinghua_photodraw_production1578553426570_square.png","square",-0.079278640449,-0.855692446232,0.0119543,0.0148241,0.0935895251503206,"Tsinghua","production1578553426570",4
"200",199,"CDM_photodraw_e21550687622483_square.png","square",-0.2590482831,-0.721011042595,0.0253211,0.0145445,0.0734317108763159,"CDM","e21550687622483",3
"201",200,"CDM_photodraw_e21552766577513_square.png","square",-0.178868412971,-0.607777953148,0.0342484,0.0238251,0.0418680082308037,"CDM","e21552766577513",3
"202",201,"Tsinghua_photodraw_production1576567340886_square.png","square",-0.221651941538,-0.820973455906,0.0164191,0.0364299,0.0898364535471752,"Tsinghua","production1576567340886",3
"203",202,"CDM_photodraw_e21542224218088_square.png","square",-0.280899912119,-0.626988649368,0.00875312,0.0216072,0.038716706063126,"CDM","e21542224218088",3
"204",203,"CDM_photodraw_e21547232289747_square.png","square",-0.249733582139,-0.797849774361,0.0209377,0.0268405,0.0294666184301159,"CDM","e21547232289747",4
"205",204,"Tsinghua_photodraw_production1573800498010_square.png","square",-0.0580899380147,-0.425503671169,0.110641,0.0702888,0.203556475805379,"Tsinghua","production1573800498010",1
"206",205,"Tsinghua_photodraw_production1578555387062_square.png","square",-0.165651470423,-0.615596175194,0.0109738,0.00528163,0.110371133600872,"Tsinghua","production1578555387062",3
"207",206,"Tsinghua_photodraw_production1575443023769_square.png","square",-0.164048150182,-0.777793169022,0.020107,0.0413043,0.0888250945842623,"Tsinghua","production1575443023769",3
"208",207,"CDM_photodraw_e21542220695445_square.png","square",-0.0266421809793,-0.488465189934,0.00297156,0.0133141,0.0652013396799759,"CDM","e21542220695445",2
"209",208,"CDM_photodraw_e21547836177154_square.png","square",-0.0172546748072,-0.176460206509,0.0156033,0.0893506,0.042899202108757,"CDM","e21547836177154",0
"210",209,"CDM_photodraw_e21548100335223_square.png","square",-0.363124161959,-0.728362321854,0.000668802,0.00763757,0.0493275230127138,"CDM","e21548100335223",3
"211",210,"CDM_photodraw_e21548455224165_square.png","square",-0.417786806822,-0.506926894188,0.00822203,0.0117829,0.00300319374959017,"CDM","e21548455224165",2
"212",211,"CDM_photodraw_e21547060282520_square.png","square",-0.26388707757,-0.681902945042,0.0172312,0.00953468,0.0735943565102847,"CDM","e21547060282520",3
"213",212,"Tsinghua_photodraw_production1575443112866_square.png","square",-0.14115677774,-0.662463247776,0.0142514,0.0341522,0.103087715347877,"Tsinghua","production1575443112866",3
"214",213,"CDM_photodraw_e21548094649748_square.png","square",-0.234820261598,-0.828683912754,0.000959502,0.0198622,0.062090740087869,"CDM","e21548094649748",4
"215",214,"CDM_photodraw_e21541613545900_square.png","square",-0.412515759468,-0.745883345604,0.0127487,0.0231306,0.0361950048603555,"CDM","e21541613545900",3
"216",215,"CDM_photodraw_e21550773711411_square.png","square",-0.298483341932,-0.482687532902,0.0303387,0.00115557,0.028660190193156,"CDM","e21550773711411",2
"217",216,"CDM_photodraw_e21547241159990_square.png","square",-0.14225076139,-0.344488233328,0.013885,0.0267075,0.0245389510792326,"CDM","e21547241159990",1
"218",217,"Tsinghua_photodraw_production1573779925870_square.png","square",-0.00534254871309,-0.512252926826,0.0366934,0.0398965,0.128330752390097,"Tsinghua","production1573779925870",2
"219",218,"Tsinghua_photodraw_production1578981652743_square.png","square",-0.105000808835,-0.819419801235,0.00167712,0.00859069,0.067341529344312,"Tsinghua","production1578981652743",4
"220",219,"Tsinghua_photodraw_production1575358208007_square.png","square",-0.282719880342,-0.831262588501,0.0195529,0.0184534,0.0540895692677544,"Tsinghua","production1575358208007",4
"221",220,"Tsinghua_photodraw_production1576739623154_square.png","square",-0.201526895165,-0.541815936565,0.000581542,0.0182522,0.0607025331351205,"Tsinghua","production1576739623154",2
"222",221,"Tsinghua_photodraw_production1578462794400_square.png","square",-0.0611630640924,-0.871853888035,0.00598627,0.011792,0.0776984933308119,"Tsinghua","production1578462794400",4
"223",222,"Tsinghua_photodraw_production1573781580447_square.png","square",0.00546893617138,-0.675185859203,0.0453011,0.056177,0.0846896235058033,"Tsinghua","production1573781580447",3
"224",223,"CDM_photodraw_e21541191137910_square.png","square",-0.337841868401,-0.785198330879,0.00368323,0.028906,0.0498152757384548,"CDM","e21541191137910",3
"225",224,"CDM_photodraw_e21547834597252_square.png","square",-0.211442798376,-0.865038573742,0.0104028,0.0221954,0.062215540929794,"CDM","e21547834597252",4
"226",225,"CDM_photodraw_e21545166957201_square.png","square",-0.0462331995368,-0.757500529289,0.00969382,0.0103191,0.0770961447037306,"CDM","e21545166957201",3
"227",226,"CDM_photodraw_e21547845453981_square.png","square",-0.378389120102,-0.715177416801,0.0050569,0.0126382,0.0315252158975961,"CDM","e21547845453981",3
"228",227,"CDM_photodraw_e21547237271293_square.png","square",-0.361725002527,-0.839587569237,0.0127077,0.0189572,0.0429012831171411,"CDM","e21547237271293",4
"229",228,"Tsinghua_photodraw_production1578969697574_square.png","square",-0.389071285725,-0.756133079529,0.019305,0.00722859,0.0426119908681352,"Tsinghua","production1578969697574",3
"230",229,"Tsinghua_photodraw_production1575531094557_square.png","square",-0.0453580617905,-0.867753505707,0.0151665,0.0277108,0.132935664468521,"Tsinghua","production1575531094557",3
"231",230,"Tsinghua_photodraw_production1573786958772_square.png","square",-0.0864483341575,-0.546774804592,0.0112725,0.0667081,0.040410286389809,"Tsinghua","production1573786958772",2
"232",231,"Tsinghua_photodraw_production1575529585327_square.png","square",-0.186222285032,-0.717654883862,0.0112244,0.0059863,0.062041537242978,"Tsinghua","production1575529585327",3
"233",232,"CDM_photodraw_e21555102208611_square.png","square",-0.341510146856,-0.73608148098,0.00121456,0.0212822,0.0299465731918686,"CDM","e21555102208611",3
"234",233,"Tsinghua_photodraw_production1573785607858_square.png","square",-0.103204160929,-0.660464286804,0.0610149,0.0183433,0.079211754455121,"Tsinghua","production1573785607858",3
"235",234,"Tsinghua_photodraw_production1576654970816_square.png","square",-0.124640867114,-0.739499747753,0.0255364,0.00746747,0.0628954907253168,"Tsinghua","production1576654970816",3
"236",235,"Tsinghua_photodraw_production1573782448277_square.png","square",-0.176263764501,-0.504528343678,0.038326,0.0451027,0.0306907403637611,"Tsinghua","production1573782448277",2
"237",236,"CDM_photodraw_e21545243809095_square.png","square",-0.452737152576,-0.697685778141,0.0168685,0.0176053,0.0251902719787861,"CDM","e21545243809095",3
"238",237,"CDM_photodraw_e21547240775263_square.png","square",-0.229301288724,-0.662878453732,0.0499824,0.0354031,0.0776518963170634,"CDM","e21547240775263",3
"239",238,"CDM_photodraw_e21547664938821_square.png","square",-0.200409501791,-0.809189319611,0.0185877,0.0349966,0.0963455920125352,"CDM","e21547664938821",3
"240",239,"Tsinghua_photodraw_production1573780408443_square.png","square",-0.273989439011,-0.738824725151,0.000811157,0.018684,0.0590283579995116,"Tsinghua","production1573780408443",3
"241",240,"CDM_photodraw_e21553793354436_square.png","square",-0.390224665403,-0.74253988266,0.0458328,0.0260956,0.057751978754978,"CDM","e21553793354436",3
"242",241,"CDM_photodraw_e21547066393058_square.png","square",-0.212648630142,-0.728764533997,0.0153906,0.00567817,0.0575202593724195,"CDM","e21547066393058",3
"243",242,"CDM_photodraw_e21540576907849_square.png","square",-0.548693060875,-0.704361617565,0.00746985,0.0133356,0.0195883660882329,"CDM","e21540576907849",3
"244",243,"CDM_photodraw_e21555014219148_square.png","square",-0.0381683968008,-0.830181360245,0.0205796,0.0107722,0.0999514759671121,"CDM","e21555014219148",4
"245",244,"Tsinghua_photodraw_production1576653853658_square.png","square",-0.0903462916613,-0.843813478947,0.0186386,0.0141295,0.0863669225311685,"Tsinghua","production1576653853658",4
"246",245,"Tsinghua_photodraw_production1575444709158_square.png","square",-0.353220373392,-0.697366833687,0.0204837,0.0112924,0.0417046677319258,"Tsinghua","production1575444709158",3
"247",246,"Tsinghua_photodraw_production1573784365523_square.png","square",-0.112030960619,-0.546797215939,0.0203067,0.0639184,0.0664265021494019,"Tsinghua","production1573784365523",2
"248",247,"Tsinghua_photodraw_production1575443707583_square.png","square",0.0216230321676,-0.885443150997,0.0097935,0.0163817,0.126067260097177,"Tsinghua","production1575443707583",4
"249",248,"CDM_photodraw_e21542049031572_square.png","square",-0.0995019748807,-0.508391082287,0.064578,0.0757662,0.0422973083977947,"CDM","e21542049031572",2
"250",249,"Tsinghua_photodraw_production1573781585420_shape.png","shape",-0.33722859621,-0.513329386711,0.00935471,0.0625912,0.104322738923114,"Tsinghua","production1573781585420",2
"251",250,"CDM_photodraw_e21548441283760_shape.png","shape",-0.588749408722,-0.626867711544,0.00064386,0.00651361,0.0304737426219149,"CDM","e21548441283760",3
"252",251,"Tsinghua_photodraw_production1573781111110_shape.png","shape",-0.351506322622,-0.516814529896,0.0199502,0.037795,0.0515961880112595,"Tsinghua","production1573781111110",2
"253",252,"Tsinghua_photodraw_production1573779630652_shape.png","shape",-0.596701085567,-0.712108075619,0.0116458,0.00703803,0.044734546643055,"Tsinghua","production1573779630652",4
"254",253,"Tsinghua_photodraw_production1575444597382_shape.png","shape",-0.453524142504,-0.671746909618,0.0196364,0.0327075,0.0433670354142508,"Tsinghua","production1575444597382",3
"255",254,"CDM_photodraw_e21548958550335_shape.png","shape",-0.324415802956,-0.459848344326,0.0198914,0.0237479,0.0590977444131401,"CDM","e21548958550335",2
"256",255,"CDM_photodraw_e21548104824451_shape.png","shape",-0.338521122932,-0.57690346241,0.0210575,0.025513,0.0279844246556493,"CDM","e21548104824451",3
"257",256,"CDM_photodraw_e21548098146005_shape.png","shape",-0.299134552479,-0.412995666265,0.0144725,0.0295699,0.0667048434081991,"CDM","e21548098146005",1
"258",257,"CDM_photodraw_e21553292202608_shape.png","shape",-0.223281279206,-0.59409815073,0.0699022,0.0847721,0.0524028377628918,"CDM","e21553292202608",2
"259",258,"CDM_photodraw_e21540576907849_shape.png","shape",-0.265802592039,-0.439796328545,0.0392182,0.0709109,0.0676118538483333,"CDM","e21540576907849",1
"260",259,"CDM_photodraw_e21548455224165_shape.png","shape",-0.296425431967,-0.395751059055,0.0286323,0.043961,0.0926467910704954,"CDM","e21548455224165",1
"261",260,"Tsinghua_photodraw_production1575443707583_shape.png","shape",-0.625881195068,-0.681845903397,0.0129335,0.00564649,0.0152196862521674,"Tsinghua","production1575443707583",4
"262",261,"Tsinghua_photodraw_production1573785392477_shape.png","shape",-0.0942085087299,-0.594524383545,0.0135577,0.0620614,0.0487682941363874,"Tsinghua","production1573785392477",3
"263",262,"Tsinghua_photodraw_production1573782872726_shape.png","shape",-0.285911887884,-0.407110601664,0.0228384,0.0112476,0.0885251535664756,"Tsinghua","production1573782872726",1
"264",263,"CDM_photodraw_e21553637857619_shape.png","shape",-0.494734287262,-0.62733477354,0.010551,0.0167603,0.0430484502719914,"CDM","e21553637857619",3
"265",264,"CDM_photodraw_e21547232670235_shape.png","shape",-0.371830165386,-0.593645036221,0.00091492,0.0335922,0.0562067813445775,"CDM","e21547232670235",3
"266",265,"CDM_photodraw_e21547242571962_shape.png","shape",-0.544309079647,-0.685576319695,0.000262789,0.0142511,0.0536942209564863,"CDM","e21547242571962",4
"267",266,"Tsinghua_photodraw_production1576136080275_shape.png","shape",-0.422445476055,-0.590886235237,0.0162679,0.0145508,0.0540211487626874,"Tsinghua","production1576136080275",3
"268",267,"CDM_photodraw_e21542047659207_shape.png","shape",-0.154194816947,-0.487949937582,0.0781853,0.0989607,0.0924771206526182,"CDM","e21542047659207",1
"269",268,"Tsinghua_photodraw_production1575960933495_shape.png","shape",-0.645040392876,-0.760858893394,0.0135851,0.00873704,0.0392784401261438,"Tsinghua","production1575960933495",4
"270",269,"Tsinghua_photodraw_production1578968887739_shape.png","shape",-0.34777250886,-0.766701519489,0.00688226,0.0272881,0.0648383275281557,"Tsinghua","production1578968887739",4
"271",270,"Tsinghua_photodraw_production1575443826068_shape.png","shape",-0.451398462057,-0.727517426014,0.0138407,0.024752,0.0402161758966364,"Tsinghua","production1575443826068",4
"272",271,"Tsinghua_photodraw_production1577170507146_shape.png","shape",-0.150037035346,-0.569777548313,0.014356,0.0514446,0.103819268723993,"Tsinghua","production1577170507146",3
"273",272,"Tsinghua_photodraw_production1573784374186_shape.png","shape",-0.205008462071,-0.388979166746,0.0405109,0.0569972,0.18794101820834,"Tsinghua","production1573784374186",1
"274",273,"Tsinghua_photodraw_production1575962846373_shape.png","shape",-0.519802570343,-0.652127683163,0.0106453,0.00984002,0.0634620274548762,"Tsinghua","production1575962846373",3
"275",274,"CDM_photodraw_e21544819304302_shape.png","shape",-0.437814623117,-0.602614402771,0.000127355,0.0236744,0.0381064968773505,"CDM","e21544819304302",3
"276",275,"Tsinghua_photodraw_production1573785586812_shape.png","shape",-0.318022191525,-0.375480771065,0.039594,0.0165447,0.0966918429709101,"Tsinghua","production1573785586812",1
"277",276,"Tsinghua_photodraw_production1575444709158_shape.png","shape",-0.498541623354,-0.623575270176,0.00831684,0.0151418,0.0551039824630944,"Tsinghua","production1575444709158",3
"278",277,"Tsinghua_photodraw_production1578462794400_shape.png","shape",-0.598324894905,-0.662576317787,0.00402325,0.0133228,0.0190716133297469,"Tsinghua","production1578462794400",4
"279",278,"Tsinghua_photodraw_production1576135499181_shape.png","shape",-0.399056524038,-0.569263696671,0.0153957,0.0160996,0.015852904911427,"Tsinghua","production1576135499181",3
"280",279,"CDM_photodraw_e21548105648196_shape.png","shape",-0.554813146591,-0.686409711838,0.0136226,0.0125361,0.0404795193432075,"CDM","e21548105648196",4
"281",280,"Tsinghua_photodraw_production1576655850817_shape.png","shape",-0.283879876137,-0.474995702505,0.0256715,0.111088,0.0402873874714152,"Tsinghua","production1576655850817",1
"282",281,"CDM_photodraw_e21547836732785_shape.png","shape",-0.642895281315,-0.701267659664,0.0163274,0.0058227,0.0155947011796525,"CDM","e21547836732785",4
"283",282,"CDM_photodraw_e21548445362792_shape.png","shape",-0.495072007179,-0.544839859009,0.0118745,0.00765003,0.00900489673156058,"CDM","e21548445362792",3
"284",283,"Tsinghua_photodraw_production1575531094557_shape.png","shape",-0.376137316227,-0.587505817413,0.0030294,0.0158452,0.156498972499062,"Tsinghua","production1575531094557",3
"285",284,"CDM_photodraw_e21550698482522_shape.png","shape",-0.457801580429,-0.540249109268,0.00181524,0.0124011,0.042989241370201,"CDM","e21550698482522",3
"286",285,"CDM_photodraw_e21542061442525_shape.png","shape",-0.491016596556,-0.634442269802,0.0211022,0.00616701,0.026861917474563,"CDM","e21542061442525",3
"287",286,"CDM_photodraw_e21549564465088_shape.png","shape",-0.370341539383,-0.497325986624,0.0162616,0.0218551,0.0135749703192235,"CDM","e21549564465088",2
"288",287,"Tsinghua_photodraw_production1573783407261_shape.png","shape",-0.249012351036,-0.462262421846,0.000948681,0.056543,0.0943899572766466,"Tsinghua","production1573783407261",2
"289",288,"CDM_photodraw_e21548107987673_shape.png","shape",-0.199658334255,-0.549899816513,0.0535302,0.0925206,0.0575956265107307,"CDM","e21548107987673",2
"290",289,"Tsinghua_photodraw_production1573779925870_shape.png","shape",-0.410900771618,-0.492173731327,0.0188291,0.0106406,0.0536641055498694,"Tsinghua","production1573779925870",2
"291",290,"Tsinghua_photodraw_production1575356843675_shape.png","shape",-0.471825867891,-0.609741687775,0.0113043,0.017981,0.0791802971882915,"Tsinghua","production1575356843675",3
"292",291,"Tsinghua_photodraw_production1576567340886_shape.png","shape",-0.602746009827,-0.663526415825,0.00103412,0.0116461,0.0515887236656677,"Tsinghua","production1576567340886",3
"293",292,"Tsinghua_photodraw_production1573785607858_shape.png","shape",-0.422539055347,-0.559746861458,0.0266724,0.00287039,0.0925157994495408,"Tsinghua","production1573785607858",3
"294",293,"CDM_photodraw_e21547230596884_shape.png","shape",-0.503934621811,-0.642263352871,0.0286167,0.00718938,0.0332849044819608,"CDM","e21547230596884",3
"295",294,"CDM_photodraw_e21547242197593_shape.png","shape",-0.375228106976,-0.466626107693,0.0425124,0.0115164,0.00652704055640888,"CDM","e21547242197593",2
"296",295,"Tsinghua_photodraw_production1577085989112_shape.png","shape",-0.537332296371,-0.680215537548,0.00060275,0.0195004,0.0449279853989133,"Tsinghua","production1577085989112",4
"297",296,"CDM_photodraw_e21552765156167_shape.png","shape",-0.383848339319,-0.569004774094,0.0160623,0.0408994,0.0803405382856471,"CDM","e21552765156167",3
"298",297,"Tsinghua_photodraw_production1575356398090_shape.png","shape",-0.454603999853,-0.578097939491,0.0192854,0.00929906,0.0451355603198986,"Tsinghua","production1575356398090",3
"299",298,"CDM_photodraw_e21542229353364_shape.png","shape",-0.569927990437,-0.609923005104,0.00281296,0.00885821,0.030993886056036,"CDM","e21542229353364",3
"300",299,"Tsinghua_photodraw_production1576566477206_shape.png","shape",-0.239528223872,-0.488248765469,0.0538447,0.0302515,0.0540366550078315,"Tsinghua","production1576566477206",2
"301",300,"Tsinghua_photodraw_production1576738635229_shape.png","shape",-0.414850622416,-0.735917747021,0.000199654,0.0235665,0.0325952222923579,"Tsinghua","production1576738635229",4
"302",301,"Tsinghua_photodraw_production1573782437440_shape.png","shape",-0.229468464851,-0.51341599226,0.0664363,0.133133,0.107772287650309,"Tsinghua","production1573782437440",1
"303",302,"CDM_photodraw_e21542053241209_shape.png","shape",-0.474257230759,-0.604000627995,0.0129044,0.0145181,0.0738303600726,"CDM","e21542053241209",3
"304",303,"Tsinghua_photodraw_production1576739828389_shape.png","shape",-0.517852544785,-0.659397363663,0.0284695,0.00642563,0.0350158570325041,"Tsinghua","production1576739828389",3
"305",304,"CDM_photodraw_e21556226883192_shape.png","shape",-0.554996967316,-0.732585430145,0.00265537,0.0207781,0.0139797001962485,"CDM","e21556226883192",4
"306",305,"CDM_photodraw_e21542057631101_shape.png","shape",-0.511225402355,-0.569570422173,0.00900183,0.0201884,0.0641386504848383,"CDM","e21542057631101",3
"307",306,"Tsinghua_photodraw_production1575444960513_shape.png","shape",-0.219333082438,-0.553119838238,0.0598022,0.109337,0.06425084696535,"Tsinghua","production1575444960513",2
"308",307,"CDM_photodraw_e21548094649748_shape.png","shape",-0.41214632988,-0.620666742325,0.00691773,0.0279876,0.0196764672807322,"CDM","e21548094649748",3
"309",308,"CDM_photodraw_e21541008354503_shape.png","shape",-0.50720512867,-0.609484255314,0.0126203,0.0228007,0.00888790615705456,"CDM","e21541008354503",3
"310",309,"Tsinghua_photodraw_production1575443023769_shape.png","shape",-0.20808956027,-0.517337739468,0.0556435,0.0563461,0.0775555706707696,"Tsinghua","production1575443023769",2
"311",310,"CDM_photodraw_e21547246292717_shape.png","shape",-0.11710228771,-0.243981689215,0.0494571,0.128035,0.16016941451366,"CDM","e21547246292717",0
"312",311,"CDM_photodraw_e21548096119835_shape.png","shape",-0.34947642684,-0.47169932723,0.0125227,0.0205074,0.140836183189037,"CDM","e21548096119835",2
"313",312,"Tsinghua_photodraw_production1573779810259_shape.png","shape",-0.175194844604,-0.68475818634,0.0119821,0.0559215,0.0690098473290834,"Tsinghua","production1573779810259",3
"314",313,"CDM_photodraw_e21547834597252_shape.png","shape",-0.254352211952,-0.510506927967,0.0752465,0.0985952,0.0614821642264485,"CDM","e21547834597252",2
"315",314,"CDM_photodraw_e21555531146821_shape.png","shape",-0.490781188011,-0.639639079571,0.000733668,0.0199308,0.0319112979590941,"CDM","e21555531146821",3
"316",315,"Tsinghua_photodraw_production1578555387062_shape.png","shape",-0.140958473086,-0.5626308918,0.0827797,0.093398,0.0824213750241237,"Tsinghua","production1578555387062",2
"317",316,"CDM_photodraw_e21548451831175_shape.png","shape",-0.453205734491,-0.559620678425,0.0010858,0.00980397,0.127484995136326,"CDM","e21548451831175",3
"318",317,"Tsinghua_photodraw_production1578553426570_shape.png","shape",-0.459640979767,-0.690998017788,0.00790939,0.0144555,0.0630274553678515,"Tsinghua","production1578553426570",4
"319",318,"Tsinghua_photodraw_production1575444054603_shape.png","shape",-0.21806871891,-0.6364184618,0.00466774,0.0725616,0.0531459518981826,"Tsinghua","production1575444054603",3
"320",319,"CDM_photodraw_e21547071853117_shape.png","shape",-0.159471288323,-0.432953357697,0.0675995,0.0479006,0.0542092494139468,"CDM","e21547071853117",1
"321",320,"Tsinghua_photodraw_production1576739331978_shape.png","shape",-0.455897688866,-0.592921316624,0.00203893,0.00702687,0.1055116999359,"Tsinghua","production1576739331978",3
"322",321,"CDM_photodraw_e21547070395780_shape.png","shape",-0.371215075254,-0.463528096676,0.00781138,0.00747913,0.112688093841027,"CDM","e21547070395780",2
"323",322,"CDM_photodraw_e21542225408593_shape.png","shape",-0.491427242756,-0.633067786694,0.0175452,0.0317497,0.0395098693538009,"CDM","e21542225408593",3
"324",323,"Tsinghua_photodraw_production1573782448277_shape.png","shape",-0.158155933022,-0.466638207436,0.0501679,0.13937,0.0591027688851704,"Tsinghua","production1573782448277",1
"325",324,"Tsinghua_photodraw_production1573781580447_shape.png","shape",-0.270215928555,-0.49514785409,0.0197283,0.0667576,0.0402825116341017,"Tsinghua","production1573781580447",2
"326",325,"CDM_photodraw_e21549650853022_shape.png","shape",-0.62812012434,-0.683821082115,0.00175543,0.00357675,0.0549256148885303,"CDM","e21549650853022",4
"327",326,"CDM_photodraw_e21545243809095_shape.png","shape",-0.544652819633,-0.614127874374,0.0165645,0.00776789,0.0264955850016455,"CDM","e21545243809095",3
"328",327,"CDM_photodraw_e21547073155004_shape.png","shape",-0.381314814091,-0.549405157566,0.0161152,0.0223701,0.0502612787566888,"CDM","e21547073155004",3
"329",328,"CDM_photodraw_e21552764741235_shape.png","shape",-0.596315920353,-0.655180990696,0.00284286,0.00416869,0.0362235473899759,"CDM","e21552764741235",3
"330",329,"CDM_photodraw_e21553797665751_shape.png","shape",-0.590216398239,-0.72691655159,0.000627323,0.0117336,0.0695496808149981,"CDM","e21553797665751",4
"331",330,"Tsinghua_photodraw_production1576653853658_shape.png","shape",-0.6659283638,-0.787809073925,0.00717019,0.00772505,0.0515412491453635,"Tsinghua","production1576653853658",4
"332",331,"Tsinghua_photodraw_production1575963146898_shape.png","shape",-0.548170089722,-0.705074489117,0.0155153,0.014128,0.0491182219519533,"Tsinghua","production1575963146898",4
"333",332,"Tsinghua_photodraw_production1575358345480_shape.png","shape",-0.544585287571,-0.607013463974,0.0058017,0.0115322,0.0373365280051679,"Tsinghua","production1575358345480",3
"334",333,"Tsinghua_photodraw_production1573786980255_shape.png","shape",-0.130186796188,-0.389250218868,0.0219948,0.0201237,0.227402863375768,"Tsinghua","production1573786980255",1
"335",334,"CDM_photodraw_e21542224218088_shape.png","shape",-0.41552066803,-0.607377886772,0.0267453,0.0367022,0.0821774300461401,"CDM","e21542224218088",3
"336",335,"Tsinghua_photodraw_production1576738027913_shape.png","shape",-0.528724133968,-0.722027122974,0.0250031,0.0187242,0.0535020547196782,"Tsinghua","production1576738027913",4
"337",336,"CDM_photodraw_e21547845878342_shape.png","shape",-0.625839531422,-0.716536879539,0.00210906,0.00912222,0.0595041916338155,"CDM","e21547845878342",4
"338",337,"CDM_photodraw_e21547848462737_shape.png","shape",-0.46579259634,-0.667196929455,0.0186201,0.0206437,0.03561702971931,"CDM","e21547848462737",3
"339",338,"CDM_photodraw_e21554499556910_shape.png","shape",-0.502294898033,-0.590769410133,0.0155778,0.00753282,0.0869604711344778,"CDM","e21554499556910",3
"340",339,"CDM_photodraw_e21552766577513_shape.png","shape",-0.394560515881,-0.664302408695,0.00100011,0.0269875,0.0293326503099908,"CDM","e21552766577513",3
"341",340,"CDM_photodraw_e21542050776864_shape.png","shape",-0.484491378069,-0.543178141117,0.0162218,0.0167553,0.0222224434842014,"CDM","e21542050776864",3
"342",341,"CDM_photodraw_e21541017927896_shape.png","shape",-0.523587882519,-0.679072320461,0.0197975,0.0292783,0.0431440913438288,"CDM","e21541017927896",3
"343",342,"Tsinghua_photodraw_production1573779019443_shape.png","shape",-0.448901593685,-0.578692793846,0.00255308,0.0151483,0.0520315004123138,"Tsinghua","production1573779019443",3
"344",343,"Tsinghua_photodraw_production1575442907120_shape.png","shape",-0.183106690645,-0.663970112801,0.0166456,0.0671311,0.0403587113315335,"Tsinghua","production1575442907120",3
"345",344,"CDM_photodraw_e21542049031572_shape.png","shape",-0.112506903708,-0.263869136572,0.0400125,0.0903584,0.102611950560943,"CDM","e21542049031572",0
"346",345,"CDM_photodraw_e21547060282520_shape.png","shape",-0.413797616959,-0.460793375969,0.00386729,0.0113539,0.0306409288565223,"CDM","e21547060282520",2
"347",346,"CDM_photodraw_e21545255128573_shape.png","shape",-0.543171703815,-0.681768238544,0.0109253,0.0150565,0.0121319432498568,"CDM","e21545255128573",4
"348",347,"CDM_photodraw_e21542220695445_shape.png","shape",-0.552508890629,-0.610476732254,0.0100769,0.00463342,0.0514022445851455,"CDM","e21542220695445",3
"349",348,"Tsinghua_photodraw_production1573780632846_shape.png","shape",-0.451783448458,-0.572055578232,0.0032422,0.0126519,0.0970130433741647,"Tsinghua","production1573780632846",3
"350",349,"CDM_photodraw_e21547241159990_shape.png","shape",-0.526297748089,-0.600860774517,0.017568,0.0144044,0.0203677767715018,"CDM","e21547241159990",3
"351",350,"Tsinghua_photodraw_production1576134884446_shape.png","shape",-0.392413914204,-0.556516647339,0.0231309,0.0275457,0.028273724418408,"Tsinghua","production1576134884446",3
"352",351,"Tsinghua_photodraw_production1575530376865_shape.png","shape",-0.596597909927,-0.705353081226,0.0081341,0.0173796,0.0643551370876773,"Tsinghua","production1575530376865",4
"353",352,"Tsinghua_photodraw_production1578969773820_shape.png","shape",-0.636914849281,-0.750284254551,0.00589573,0.00424314,0.0641253785455189,"Tsinghua","production1578969773820",4
"354",353,"CDM_photodraw_e21544820627246_shape.png","shape",-0.58328640461,-0.664231181145,0.000428407,0.0179497,0.0274258282956424,"CDM","e21544820627246",3
"355",354,"Tsinghua_photodraw_production1578102076574_shape.png","shape",-0.285535693169,-0.529265165329,0.043645,0.0494333,0.0360318188722918,"Tsinghua","production1578102076574",2
"356",355,"Tsinghua_photodraw_production1576134856234_shape.png","shape",-0.585596263409,-0.683279633522,0.0105527,0.0136644,0.0176100881697511,"Tsinghua","production1576134856234",4
"357",356,"CDM_photodraw_e21542218678125_shape.png","shape",-0.368207544088,-0.490385115147,0.00700885,0.0217671,0.015677458765288,"CDM","e21542218678125",2
"358",357,"Tsinghua_photodraw_production1576481274500_shape.png","shape",-0.485319375992,-0.544875085354,0.012481,0.0124892,0.0774650141952243,"Tsinghua","production1576481274500",3
"359",358,"Tsinghua_photodraw_production1577084893527_shape.png","shape",-0.579991102219,-0.705263316631,0.000496455,0.0136054,0.0268127783604113,"Tsinghua","production1577084893527",4
"360",359,"Tsinghua_photodraw_production1577172179778_shape.png","shape",-0.559079885483,-0.742382586002,0.0149786,0.0130352,0.0371445416209082,"Tsinghua","production1577172179778",4
"361",360,"CDM_photodraw_e21555014219148_shape.png","shape",-0.541060864925,-0.638593018055,0.0186101,0.0148096,0.0422720686509901,"CDM","e21555014219148",3
"362",361,"CDM_photodraw_e21547066393058_shape.png","shape",-0.624685287476,-0.709630846977,0.0107887,0.0120748,0.0224788286577821,"CDM","e21547066393058",4
"363",362,"CDM_photodraw_e21553793354436_shape.png","shape",-0.420792192221,-0.639566242695,0.00980151,0.0199729,0.0626488110479416,"CDM","e21553793354436",3
"364",363,"Tsinghua_photodraw_production1575443337678_shape.png","shape",-0.552080154419,-0.612659037113,0.00444071,0.00690165,0.0637378736341311,"Tsinghua","production1575443337678",3
"365",364,"Tsinghua_photodraw_production1576568296821_shape.png","shape",-0.552968144417,-0.658749699593,0.0243658,0.00501782,0.0935106867410182,"Tsinghua","production1576568296821",3
"366",365,"CDM_photodraw_e21555523952200_shape.png","shape",-0.630511283875,-0.739680945873,0.00216631,0.00234429,0.0602957963768379,"CDM","e21555523952200",4
"367",366,"Tsinghua_photodraw_production1575529582167_shape.png","shape",-0.621787846088,-0.692887067795,0.00692461,0.0136973,0.0445641045889002,"Tsinghua","production1575529582167",4
"368",367,"CDM_photodraw_e21547069129052_shape.png","shape",-0.36383536458,-0.574739694595,0.0113847,0.0299283,0.0956010382070713,"CDM","e21547069129052",3
"369",368,"Tsinghua_photodraw_production1575962153007_shape.png","shape",-0.550603985786,-0.656546473503,0.0141667,0.0114567,0.0773946796511164,"Tsinghua","production1575962153007",3
"370",369,"CDM_photodraw_e21547849860466_shape.png","shape",-0.343883097172,-0.488669127226,0.0199565,0.0287449,0.0481069316052787,"CDM","e21547849860466",2
"371",370,"CDM_photodraw_e21550689187843_shape.png","shape",-0.604402422905,-0.667983949184,0.00165552,0.00825022,0.00628686110167684,"CDM","e21550689187843",4
"372",371,"Tsinghua_photodraw_production1576566518161_shape.png","shape",-0.592228651047,-0.699803888798,0.00108403,0.0101051,0.0733405512373919,"Tsinghua","production1576566518161",4
"373",372,"Tsinghua_photodraw_production1576480154717_shape.png","shape",-0.218739420176,-0.546111404896,0.0482526,0.0525848,0.0891503386296533,"Tsinghua","production1576480154717",2
"374",373,"Tsinghua_photodraw_production1576135913017_shape.png","shape",-0.553799808025,-0.627853453159,0.0098792,0.0109919,0.0275064465323966,"Tsinghua","production1576135913017",3
"375",374,"CDM_photodraw_e21547668526141_shape.png","shape",-0.208790197968,-0.381041020155,0.0305031,0.0748332,0.223741245394843,"CDM","e21547668526141",1
"376",375,"CDM_photodraw_e21547849081297_shape.png","shape",-0.511579096317,-0.664396584034,0.0071091,0.0165149,0.0559692497727868,"CDM","e21547849081297",3
"377",376,"CDM_photodraw_e21548451296118_shape.png","shape",-0.00627691950649,-0.241407170892,0.0222553,0.0693131,0.153983189401976,"CDM","e21548451296118",0
"378",377,"CDM_photodraw_e21541799408496_shape.png","shape",-0.229930788279,-0.342009276152,0.0133508,0.00776896,0.178402436852516,"CDM","e21541799408496",1
"379",378,"Tsinghua_photodraw_production1573784627069_shape.png","shape",-0.233652770519,-0.490127891302,0.0150566,0.0441537,0.155326295793999,"Tsinghua","production1573784627069",2
"380",379,"CDM_photodraw_e21553889536940_shape.png","shape",-0.502805829048,-0.611500203609,0.000759168,0.0119302,0.0117725835312891,"CDM","e21553889536940",3
"381",380,"Tsinghua_photodraw_production1576739623154_shape.png","shape",-0.425891011953,-0.648839533329,0.00946063,0.0192584,0.0446111776122598,"Tsinghua","production1576739623154",3
"382",381,"Tsinghua_photodraw_production1577171766191_shape.png","shape",-0.24651812017,-0.492482066154,0.0304975,0.0282382,0.07320296637259,"Tsinghua","production1577171766191",2
"383",382,"Tsinghua_photodraw_production1573799989669_shape.png","shape",-0.260892003775,-0.479906141758,0.032328,0.0367459,0.0758978129023959,"Tsinghua","production1573799989669",2
"384",383,"CDM_photodraw_e21547672389753_shape.png","shape",-0.31584623456,-0.453848093748,0.0307444,0.0175149,0.0980459102417379,"CDM","e21547672389753",2
"385",384,"CDM_photodraw_e21556311534736_shape.png","shape",-0.541885912418,-0.667685210705,0.00417282,0.0181707,0.0659607768598265,"CDM","e21556311534736",3
"386",385,"Tsinghua_photodraw_production1575961493402_shape.png","shape",-0.583795189857,-0.675662636757,0.00259107,0.0130712,0.0392628022586413,"Tsinghua","production1575961493402",4
"387",386,"Tsinghua_photodraw_production1576568201260_shape.png","shape",-0.4779047966,-0.620063364506,0.0175324,0.0179833,0.0729888471511603,"Tsinghua","production1576568201260",3
"388",387,"CDM_photodraw_e21541191137910_shape.png","shape",-0.514169514179,-0.565030872822,0.00394039,0.0113714,0.0314748761981432,"CDM","e21541191137910",3
"389",388,"CDM_photodraw_e21542224706912_shape.png","shape",-0.388142198324,-0.480005800724,0.00750784,0.0243795,0.0335588367354569,"CDM","e21542224706912",2
"390",389,"CDM_photodraw_e21547845453981_shape.png","shape",-0.562856674194,-0.663817763329,0.00368301,0.00928554,0.0620166731713368,"CDM","e21547845453981",3
"391",390,"CDM_photodraw_e21547062251659_shape.png","shape",-0.201178014278,-0.445885956287,0.0645241,0.0544214,0.0634951014772386,"CDM","e21547062251659",2
"392",391,"CDM_photodraw_e21547663022993_shape.png","shape",-0.197891190648,-0.421634346247,0.049217,0.117356,0.145204330522785,"CDM","e21547663022993",1
"393",392,"CDM_photodraw_e21548449754672_shape.png","shape",-0.591178536415,-0.67500770092,0.016239,0.00815346,0.0313949822706113,"CDM","e21548449754672",4
"394",393,"Tsinghua_photodraw_production1576739207246_shape.png","shape",-0.370312690735,-0.587511837482,0.00170529,0.0223599,0.130674278228382,"Tsinghua","production1576739207246",3
"395",394,"Tsinghua_photodraw_production1573786958772_shape.png","shape",-0.270163148642,-0.397474974394,0.0203548,0.0306588,0.0590251200481813,"Tsinghua","production1573786958772",1
"396",395,"Tsinghua_photodraw_production1573780408443_shape.png","shape",-0.602552294731,-0.640599966049,0.00686466,0.00583073,0.0435520453405664,"Tsinghua","production1573780408443",3
"397",396,"Tsinghua_photodraw_production1573783854844_shape.png","shape",-0.14542979002,-0.497196882963,0.0538115,0.0785034,0.253101464660196,"Tsinghua","production1573783854844",2
"398",397,"CDM_photodraw_e21547849501667_shape.png","shape",-0.525256574154,-0.584760129452,0.0234053,0.0135587,0.0744609507197548,"CDM","e21547849501667",3
"399",398,"CDM_photodraw_e21545255476223_shape.png","shape",-0.5034263134,-0.563903331757,0.0161272,0.0198478,0.037289983359375,"CDM","e21545255476223",3
"400",399,"CDM_photodraw_e21547673281903_shape.png","shape",-0.467250287533,-0.612005770206,0.0171201,0.0155275,0.0289587006309232,"CDM","e21547673281903",3
"401",400,"Tsinghua_photodraw_production1573782278634_shape.png","shape",-0.500627100468,-0.609132826328,0.0272653,0.00758497,0.043450673935912,"Tsinghua","production1573782278634",3
"402",401,"CDM_photodraw_e21548098930405_shape.png","shape",-0.18789486587,-0.55482083559,0.0654644,0.0983189,0.211978202397933,"CDM","e21548098930405",2
"403",402,"Tsinghua_photodraw_production1573783652311_shape.png","shape",-0.132735013962,-0.273714929819,0.0856312,0.138853,0.0764585361736992,"Tsinghua","production1573783652311",0
"404",403,"Tsinghua_photodraw_production1577086735995_shape.png","shape",-0.588046729565,-0.679117262363,0.0089638,0.0155566,0.0455380918216731,"Tsinghua","production1577086735995",4
"405",404,"CDM_photodraw_e21544206692186_shape.png","shape",-0.265569031239,-0.556548714638,0.00699345,0.0263978,0.100766205832744,"CDM","e21544206692186",3
"406",405,"CDM_photodraw_e21547061122742_shape.png","shape",-0.0773292481899,-0.328636020422,0.118631,0.0601803,0.141401764281772,"CDM","e21547061122742",1
"407",406,"CDM_photodraw_e21544821083289_shape.png","shape",-0.462434977293,-0.545460760593,0.00450665,0.00275745,0.0918030755809105,"CDM","e21544821083289",3
"408",407,"CDM_photodraw_e21548100335223_shape.png","shape",-0.531470000744,-0.645741641521,0.0177382,0.00204276,0.055455161614726,"CDM","e21548100335223",3
"409",408,"Tsinghua_photodraw_production1573779097000_shape.png","shape",-0.139953404665,-0.498907268047,0.0908347,0.120698,0.058375138488566,"Tsinghua","production1573779097000",1
"410",409,"Tsinghua_photodraw_production1577170578110_shape.png","shape",-0.209707811475,-0.685414671898,0.00307721,0.059387,0.0708922510263697,"Tsinghua","production1577170578110",3
"411",410,"CDM_photodraw_e21555004796019_shape.png","shape",-0.535926163197,-0.687481284142,0.00378802,0.0144043,0.0534715081215579,"CDM","e21555004796019",4
"412",411,"Tsinghua_photodraw_production1575356102513_shape.png","shape",-0.600658357143,-0.700500488281,0.0019124,0.0083189,0.0693423534915241,"Tsinghua","production1575356102513",4
"413",412,"Tsinghua_photodraw_production1577171554498_shape.png","shape",-0.433410435915,-0.561188280582,0.0309209,0.0133044,0.0481460438484985,"Tsinghua","production1577171554498",3
"414",413,"Tsinghua_photodraw_production1575443112866_shape.png","shape",-0.293897271156,-0.627969920635,0.00235873,0.0316437,0.0202788986024341,"Tsinghua","production1575443112866",3
"415",414,"Tsinghua_photodraw_production1576741386137_shape.png","shape",-0.135603785515,-0.51701939106,0.048894,0.123511,0.0781789433170544,"Tsinghua","production1576741386137",2
"416",415,"CDM_photodraw_e21547243566891_shape.png","shape",-0.424323648214,-0.573005437851,0.0241299,0.0213303,0.0563248073709105,"CDM","e21547243566891",3
"417",416,"CDM_photodraw_e21548873811739_shape.png","shape",-0.293005913496,-0.456341475248,0.0252257,0.0487996,0.157715282567062,"CDM","e21548873811739",2
"418",417,"CDM_photodraw_e21550696453174_shape.png","shape",-0.578591287136,-0.648570597172,0.0041469,0.0223201,0.0199443666920308,"CDM","e21550696453174",3
"419",418,"Tsinghua_photodraw_production1573785526202_shape.png","shape",-0.4191660285,-0.493784815073,0.0263414,0.0201839,0.0515372725113026,"Tsinghua","production1573785526202",2
"420",419,"CDM_photodraw_e21542049475400_shape.png","shape",-0.468106657267,-0.567278623581,0.0140427,0.0159364,0.0723964092881846,"CDM","e21542049475400",3
"421",420,"Tsinghua_photodraw_production1575444606752_shape.png","shape",-0.634026288986,-0.720057785511,0.00237573,0.0075052,0.0475594964197568,"Tsinghua","production1575444606752",4
"422",421,"CDM_photodraw_e21541616746618_shape.png","shape",-0.437251001596,-0.55209428072,0.0103978,0.0111827,0.0917289287710229,"CDM","e21541616746618",3
"423",422,"Tsinghua_photodraw_production1575357552769_shape.png","shape",-0.64170819521,-0.775172889233,0.000832444,0.00539981,0.0588836968830884,"Tsinghua","production1575357552769",4
"424",423,"CDM_photodraw_e21555533816883_shape.png","shape",-0.608733355999,-0.751146137714,0.0107056,0.00671066,0.0609914454913916,"CDM","e21555533816883",4
"425",424,"CDM_photodraw_e21550773711411_shape.png","shape",-0.434036463499,-0.551208674908,0.0104837,0.0149098,0.0916575205726901,"CDM","e21550773711411",3
"426",425,"Tsinghua_photodraw_production1576135371471_shape.png","shape",-0.179063051939,-0.38197773695,0.0121233,0.0545548,0.0926385248196895,"Tsinghua","production1576135371471",1
"427",426,"Tsinghua_photodraw_production1578981652743_shape.png","shape",-0.611290514469,-0.717841982841,0.00760612,0.00387614,0.070442677859511,"Tsinghua","production1578981652743",4
"428",427,"Tsinghua_photodraw_production1578968906336_shape.png","shape",-0.535362541676,-0.663510262966,0.00610454,0.0165669,0.0325948429034629,"Tsinghua","production1578968906336",3
"429",428,"Tsinghua_photodraw_production1575961442866_shape.png","shape",-0.621862232685,-0.690009236336,0.00732114,0.0106444,0.014750749686558,"Tsinghua","production1575961442866",4
"430",429,"Tsinghua_photodraw_production1578969342231_shape.png","shape",-0.557577669621,-0.696343064308,0.0101354,0.0210711,0.0216900550267899,"Tsinghua","production1578969342231",4
"431",430,"CDM_photodraw_e21547232289747_shape.png","shape",-0.218733549118,-0.500064313412,0.057103,0.0922771,0.187947368637506,"CDM","e21547232289747",2
"432",431,"CDM_photodraw_e21547844653939_shape.png","shape",-0.573610901833,-0.729832530022,0.0122406,0.0217312,0.0288316402960109,"CDM","e21547844653939",4
"433",432,"Tsinghua_photodraw_production1573800407496_shape.png","shape",-0.0798131078482,-0.466248959303,0.0805103,0.0426292,0.291380305086439,"Tsinghua","production1573800407496",2
"434",433,"Tsinghua_photodraw_production1573778450764_shape.png","shape",-0.475910723209,-0.589124798775,0.0104299,0.00436815,0.0693087919508781,"Tsinghua","production1573778450764",3
"435",434,"Tsinghua_photodraw_production1573781474552_shape.png","shape",-0.19205968082,-0.233278289437,0.073418,0.0471376,0.153920311405667,"Tsinghua","production1573781474552",0
"436",435,"CDM_photodraw_e21541195324779_shape.png","shape",-0.312642157078,-0.553917586803,0.0245697,0.0133818,0.180348636680859,"CDM","e21541195324779",3
"437",436,"Tsinghua_photodraw_production1575528834271_shape.png","shape",0.00710170762613,-0.126746594906,0.083932,0.0998808,0.123318156040671,"Tsinghua","production1575528834271",0
"438",437,"CDM_photodraw_e21547668018017_shape.png","shape",-0.402817696333,-0.589496433735,0.00315645,0.0119779,0.0700042674932719,"CDM","e21547668018017",3
"439",438,"CDM_photodraw_e21550694845595_shape.png","shape",-0.580493628979,-0.669404089451,0.00480874,0.0138509,0.0424727923175674,"CDM","e21550694845595",4
"440",439,"Tsinghua_photodraw_production1573785761327_shape.png","shape",-0.218548461795,-0.583643734455,0.0266836,0.0621206,0.361308112089993,"Tsinghua","production1573785761327",2
"441",440,"CDM_photodraw_e21547238752953_shape.png","shape",-0.553416252136,-0.66655600071,0.00657078,0.0125337,0.0493972962086451,"CDM","e21547238752953",3
"442",441,"Tsinghua_photodraw_production1576478852964_shape.png","shape",-0.455947875977,-0.507930338383,0.00394723,0.0167888,0.0317952415537414,"Tsinghua","production1576478852964",2
"443",442,"Tsinghua_photodraw_production1578969892110_shape.png","shape",-0.350573003292,-0.543754458427,0.0146089,0.0230874,0.0241995076266904,"Tsinghua","production1578969892110",3
"444",443,"Tsinghua_photodraw_production1577170553503_shape.png","shape",-0.179379194975,-0.558407783508,0.0745399,0.0690389,0.0706599960455537,"Tsinghua","production1577170553503",2
"445",444,"CDM_photodraw_e21542223602317_shape.png","shape",-0.400975227356,-0.506528496742,0.00458678,0.00821239,0.0881328198468617,"CDM","e21542223602317",2
"446",445,"CDM_photodraw_e21547238095569_shape.png","shape",-0.12979605794,-0.433050811291,0.0898813,0.0673871,0.0718001623009061,"CDM","e21547238095569",1
"447",446,"Tsinghua_photodraw_production1575530375673_shape.png","shape",-0.509547829628,-0.65832233429,0.00909181,0.00879235,0.0506046333428596,"Tsinghua","production1575530375673",3
"448",447,"CDM_photodraw_e21547677339884_shape.png","shape",-0.329062104225,-0.452708572149,0.0351144,0.0404171,0.18523102368792,"CDM","e21547677339884",2
"449",448,"Tsinghua_photodraw_production1576654381493_shape.png","shape",-0.374933332205,-0.588786780834,0.0245034,0.0256994,0.0958526283705031,"Tsinghua","production1576654381493",3
"450",449,"CDM_photodraw_e21548097384364_shape.png","shape",-0.448019444942,-0.577804028988,0.0125912,0.0213138,0.0573380224824971,"CDM","e21548097384364",3
"451",450,"CDM_photodraw_e21547237271293_shape.png","shape",-0.601943492889,-0.667698562145,0.00875004,0.00595819,0.0462030549140069,"CDM","e21547237271293",4
"452",451,"Tsinghua_photodraw_production1573780074909_shape.png","shape",-0.457823485136,-0.583055019379,0.00166379,0.01717,0.0364893344792722,"Tsinghua","production1573780074909",3
"453",452,"Tsinghua_photodraw_production1575358208007_shape.png","shape",-0.561651408672,-0.605974972248,0.00141713,0.00644502,0.042816251240292,"Tsinghua","production1575358208007",3
"454",453,"CDM_photodraw_e21543430495947_shape.png","shape",-0.566956996918,-0.704496324062,0.00596515,0.0184911,0.0438361245862399,"CDM","e21543430495947",4
"455",454,"CDM_photodraw_e21548106388954_shape.png","shape",-0.642332017422,-0.759870707989,0.0149819,0.0123956,0.0160811267443026,"CDM","e21548106388954",4
"456",455,"Tsinghua_photodraw_production1575529585327_shape.png","shape",-0.174413532019,-0.603259205818,0.0604327,0.0618631,0.0736567687177486,"Tsinghua","production1575529585327",3
"457",456,"Tsinghua_photodraw_production1575358618898_shape.png","shape",-0.537191987038,-0.689356923103,0.02195,0.0173358,0.0784933503399051,"Tsinghua","production1575358618898",4
"458",457,"CDM_photodraw_e21545166957201_shape.png","shape",-0.554123520851,-0.656120657921,0.00682532,0.00923693,0.0556185102376044,"CDM","e21545166957201",3
"459",458,"Tsinghua_photodraw_production1573781508415_shape.png","shape",-0.261742413044,-0.454412162304,0.0495198,0.115459,0.0524711455631151,"Tsinghua","production1573781508415",1
"460",459,"Tsinghua_photodraw_production1575529104308_shape.png","shape",-0.662018358707,-0.706364274025,0.000660271,0.00363376,0.0385571550764026,"Tsinghua","production1575529104308",4
"461",460,"Tsinghua_photodraw_production1573786300883_shape.png","shape",-0.0900884792209,-0.254908889532,0.0426965,0.086283,0.394187070878712,"Tsinghua","production1573786300883",0
"462",461,"Tsinghua_photodraw_production1573784365523_shape.png","shape",-0.191475763917,-0.295291483402,0.0642284,0.0743663,0.132149348109807,"Tsinghua","production1573784365523",0
"463",462,"Tsinghua_photodraw_production1573783497407_shape.png","shape",-0.198729157448,-0.477002829313,0.00910938,0.0515382,0.0934161920540387,"Tsinghua","production1573783497407",2
"464",463,"Tsinghua_photodraw_production1575356878513_shape.png","shape",-0.508224785328,-0.640045404434,0.00695918,0.0185321,0.00205224555682773,"Tsinghua","production1575356878513",3
"465",464,"Tsinghua_photodraw_production1577085371906_shape.png","shape",-0.629105865955,-0.674682497978,0.0082165,0.010595,0.0118784768006058,"Tsinghua","production1577085371906",4
"466",465,"Tsinghua_photodraw_production1576654970816_shape.png","shape",-0.227502256632,-0.524465322495,0.0532605,0.0559966,0.0919450277701654,"Tsinghua","production1576654970816",2
"467",466,"CDM_photodraw_e21547667337924_shape.png","shape",-0.511682093143,-0.600473463535,0.00913245,0.00955656,0.0578159791840889,"CDM","e21547667337924",3
"468",467,"Tsinghua_photodraw_production1573783270171_shape.png","shape",-0.439505130053,-0.535412371159,0.021128,0.0154021,0.0202888406578222,"Tsinghua","production1573783270171",3
"469",468,"CDM_photodraw_e21550687622483_shape.png","shape",-0.573140561581,-0.663319170475,0.0142504,0.00672867,0.0330305182701309,"CDM","e21550687622483",4
"470",469,"CDM_photodraw_e21554324047717_shape.png","shape",-0.131183162332,-0.428693056107,0.0594785,0.0520794,0.0291009567323035,"CDM","e21554324047717",1
"471",470,"Tsinghua_photodraw_production1573800498010_shape.png","shape",-0.271616339684,-0.602346301079,0.044467,0.0504925,0.216294035566189,"Tsinghua","production1573800498010",3
"472",471,"Tsinghua_photodraw_production1573784632550_shape.png","shape",-0.501634538174,-0.550112128258,0.0130237,0.00337662,0.043279581118301,"Tsinghua","production1573784632550",3
"473",472,"Tsinghua_photodraw_production1577172518020_shape.png","shape",-0.363647311926,-0.704475343227,0.00305178,0.055197,0.0824342405095491,"Tsinghua","production1577172518020",3
"474",473,"Tsinghua_photodraw_production1575960999852_shape.png","shape",-0.636952459812,-0.723115801811,0.0111086,0.00669165,0.0425168553786779,"Tsinghua","production1575960999852",4
"475",474,"CDM_photodraw_e21547240775263_shape.png","shape",-0.225407645106,-0.604545593262,0.04168,0.0593703,0.0465855032918823,"CDM","e21547240775263",3
"476",475,"CDM_photodraw_e21543432563054_shape.png","shape",-0.177385777235,-0.391479074955,0.0157647,0.0603477,0.111470749803742,"CDM","e21543432563054",1
"477",476,"Tsinghua_photodraw_production1576565958996_shape.png","shape",-0.570669770241,-0.660337507725,8.1537e-05,0.0127439,0.0461165826368756,"Tsinghua","production1576565958996",3
"478",477,"Tsinghua_photodraw_production1576567318332_shape.png","shape",-0.655811429024,-0.710705399513,0.00640381,0.00246537,0.0336874036447247,"Tsinghua","production1576567318332",4
"479",478,"Tsinghua_photodraw_production1573780549952_shape.png","shape",-0.40987432003,-0.618363499641,0.00331885,0.0417788,0.0587778095461766,"Tsinghua","production1573780549952",3
"480",479,"Tsinghua_photodraw_production1578553081396_shape.png","shape",-0.433228641748,-0.581005513668,0.0130946,0.0170196,0.0171005930330478,"Tsinghua","production1578553081396",3
"481",480,"CDM_photodraw_e21547664938821_shape.png","shape",-0.248618528247,-0.478807330132,0.0527301,0.0347232,0.0879571915455386,"CDM","e21547664938821",2
"482",481,"CDM_photodraw_e21547247873170_shape.png","shape",-0.462456673384,-0.655321002007,0.00820763,0.0213688,0.0303432301799865,"CDM","e21547247873170",3
"483",482,"Tsinghua_photodraw_production1573782358833_shape.png","shape",-0.0341628305614,-0.20301052928,0.0293744,0.0380419,0.195403799713991,"Tsinghua","production1573782358833",0
"484",483,"CDM_photodraw_e21554930039176_shape.png","shape",-0.470095127821,-0.534741699696,0.0204617,0.00941257,0.0485752935451451,"CDM","e21554930039176",3
"485",484,"Tsinghua_photodraw_production1575443741291_shape.png","shape",-0.555508971214,-0.712352216244,0.00764945,0.0169285,0.0658338447623433,"Tsinghua","production1575443741291",4
"486",485,"CDM_photodraw_e21541613545900_shape.png","shape",-0.566452562809,-0.684863448143,0.000322614,0.0170792,0.023973627751362,"CDM","e21541613545900",4
"487",486,"CDM_photodraw_e21548096758313_shape.png","shape",-0.426538735628,-0.508961677551,0.028673,0.0187544,0.0395765865725764,"CDM","e21548096758313",2
"488",487,"Tsinghua_photodraw_production1573778817054_shape.png","shape",0.0342966169119,-0.0253183338791,0.102882,0.0425137,0.0801972407770703,"Tsinghua","production1573778817054",0
"489",488,"Tsinghua_photodraw_production1573786717640_shape.png","shape",-0.178510129452,-0.468901842833,0.0332067,0.0342618,0.0308908125284584,"Tsinghua","production1573786717640",2
"490",489,"CDM_photodraw_e21544647022478_shape.png","shape",-0.443943202496,-0.477081388235,0.0018131,0.00434931,0.0796264560668753,"CDM","e21544647022478",2
"491",490,"CDM_photodraw_e21555102208611_shape.png","shape",-0.502511620522,-0.641726672649,0.000411047,0.0186168,0.0376606012231588,"CDM","e21555102208611",3
"492",491,"Tsinghua_photodraw_production1576136360732_shape.png","shape",-0.49360743165,-0.629029512405,0.0162372,0.0163198,0.0180033442064733,"Tsinghua","production1576136360732",3
"493",492,"CDM_photodraw_e21547836177154_shape.png","shape",-0.00170147011522,-0.0627227053046,0.117617,0.0743256,0.0721115202919482,"CDM","e21547836177154",0
"494",493,"Tsinghua_photodraw_production1578969697574_shape.png","shape",-0.503351271152,-0.700981020927,0.00535833,0.0212865,0.0515951502575486,"Tsinghua","production1578969697574",4
"495",494,"Tsinghua_photodraw_production1577171900113_shape.png","shape",-0.329266101122,-0.562672615051,0.0467665,0.0433767,0.104477181916191,"Tsinghua","production1577171900113",2
"496",495,"CDM_photodraw_e21547674347301_shape.png","shape",-0.510721385479,-0.646914184093,0.00010793,0.0177868,0.0361774967839798,"CDM","e21547674347301",3
"497",496,"CDM_photodraw_e21550690726876_shape.png","shape",-0.399977058172,-0.602150142193,0.0281911,0.00929634,0.0476433278199722,"CDM","e21550690726876",3
"498",497,"Tsinghua_photodraw_production1573779087653_shape.png","shape",-0.329554587603,-0.564704179764,0.00740166,0.026283,0.101461180790264,"Tsinghua","production1573779087653",3